WMC,DIT,NOC,CBO,RFC,LCOM5,NPA,NPM,NLE,CBOI,CD,LOC,code_churn,revision_count,developer_count
-0.3790822368073968,0.4743229356834195,-0.1079744061806473,-0.4122099187266956,-0.3689327777197201,-0.2180473317654288,-0.3979279798890509,-0.3939305964847415,-0.403151501503241,-0.2736197818344149,-0.3990303862709706,-0.3589466345068926,0.9102810848222976,0.3238235852164219,-1.1855635742958448
-0.1268756630662083,-0.6346191831602028,0.2469642793715745,0.0389137952546149,-0.1390888772782053,-0.2180473317654288,-0.3979279798890509,-0.2959555254418967,-0.403151501503241,-0.0679903700315818,-0.3990303862709706,-0.1507786436136189,0.8369994281625062,-0.1167563926696988,-0.0166263696589836
-0.3790822368073968,-0.6346191831602028,-0.1079744061806473,0.2644756522452702,-0.4838547279404775,-0.2180473317654288,-0.3979279798890509,-0.3939305964847415,-0.403151501503241,-0.1708050759329983,-0.3990303862709706,-0.3400222716984132,-0.7385561900230079,0.5441135741594822,0.762665100098924
-0.3790822368073968,0.4743229356834195,-0.1079744061806473,-0.4122099187266956,-0.2540108274989627,-0.2180473317654288,-0.3979279798890509,-0.3939305964847415,-0.403151501503241,-0.2736197818344149,-0.3990303862709706,-0.377870997315372,-0.5736724625384774,-0.7776263594988799,1.1523108349778777
-0.2529789499368025,-0.6346191831602028,-0.1079744061806473,-0.8633336327080062,-0.3689327777197201,-0.5475231395664685,-0.3979279798890509,-0.344943060963319,-0.403151501503241,-0.1708050759329983,-0.3990303862709706,-0.3589466345068926,-1.288168614971443,-0.5573363705558195,-1.1855635742958448
-0.000772376195614,-0.6346191831602028,-0.1079744061806473,1.3922849371985466,0.7802867244878539,0.4409042838366506,-0.3979279798890509,-0.2959555254418967,1.1216639844912564,-0.0679903700315818,-0.3990303862709706,0.1898598869390107,-0.7385561900230079,-0.9979163484419404,-0.0166263696589836
-0.505185523677991,-0.6346191831602028,-0.1079744061806473,0.4900375092359255,-0.5987766781612349,-0.5475231395664685,-0.3979279798890509,-0.4429181320061638,-0.403151501503241,-0.1708050759329983,-0.3990303862709706,-0.3967953601238514,-1.3614502716312344,-0.3370463816127592,-0.7959178394168911
-0.3790822368073968,2.6922071733706643,-0.1079744061806473,-0.4122099187266956,-0.3689327777197201,-0.5475231395664685,-0.3979279798890509,1.8594960375006888,-0.403151501503241,-0.2736197818344149,-0.3990303862709706,-0.377870997315372,-1.1232848874869126,0.1035335962733615,0.762665100098924
6.430495254204692,0.4743229356834195,-0.1079744061806473,1.617846794189202,3.6533354800067888,-0.2180473317654288,-0.3979279798890509,0.4388575073794392,4.171294956480252,3.530524336517996,1.147647203114087,5.204816031186058,0.5988340440181843,-0.9979163484419404,-1.1855635742958448
-0.2529789499368025,-0.6346191831602028,-0.1079744061806473,-0.637771775717351,-0.3689327777197201,-0.2180473317654288,-0.3979279798890509,-0.344943060963319,-0.403151501503241,-0.1708050759329983,1.6866389176377048,-0.245400457656016,-1.4347319282910258,-0.3370463816127592,0.3730193652199702
-0.3790822368073968,-0.6346191831602028,0.6019029649237964,-0.4122099187266956,-0.4838547279404775,-0.5475231395664685,-0.3979279798890509,-0.3939305964847415,-0.403151501503241,0.1376390417712511,-0.3990303862709706,-0.4346440857408103,0.9469219131521932,-0.3370463816127592,0.3730193652199702
-0.2529789499368025,-0.6346191831602028,-0.1079744061806473,-0.1866480617360403,-0.3689327777197201,-0.2180473317654288,3.0139779203237658,-0.344943060963319,-0.403151501503241,-0.2736197818344149,-0.3990303862709706,-0.2264760948475366,-0.0973416942498335,0.3238235852164219,-1.5752093091747987
-0.505185523677991,-0.6346191831602028,-0.1079744061806473,-0.4122099187266956,-0.5987766781612349,-0.5475231395664685,-0.3979279798890509,-0.4429181320061638,-0.403151501503241,-0.1708050759329983,-0.3990303862709706,-0.4346440857408103,0.8186790139975583,0.7644035631025426,-0.7959178394168911
-0.3790822368073968,0.4743229356834195,-0.1079744061806473,-0.4122099187266956,-0.3689327777197201,-0.2180473317654288,-0.3979279798890509,-0.3939305964847415,-0.403151501503241,-0.2736197818344149,-0.3990303862709706,-0.3967953601238514,0.2507461748841753,0.7644035631025426,-0.7959178394168911
-0.3790822368073968,-0.6346191831602028,-0.1079744061806473,-0.4122099187266956,-0.3689327777197201,-0.2180473317654288,-0.3979279798890509,-0.3939305964847415,-0.403151501503241,-0.1708050759329983,-0.3990303862709706,-0.3967953601238514,-0.4820703917137381,-0.5573363705558195,1.5419565698568314
2.5212933612162707,3.801149292214286,-0.1079744061806473,1.3922849371985466,2.619037928019972,0.1114284760356109,-0.3979279798890509,0.04695722320806,4.171294956480252,-0.1708050759329983,-0.1832710180931362,1.8741281768936795,-1.0500032308271212,0.3238235852164219,0.762665100098924
-0.3790822368073968,-0.6346191831602028,-0.1079744061806473,0.0389137952546149,-0.1390888772782053,-0.2180473317654288,3.0139779203237658,-0.3939305964847415,-0.403151501503241,-0.1708050759329983,-0.3990303862709706,-0.2075517320390572,-1.1049644733219646,-0.9979163484419404,1.5419565698568314
-0.3790822368073968,1.5832650545270417,-0.1079744061806473,-0.637771775717351,-0.3689327777197201,-0.2180473317654288,-0.3979279798890509,3.770009922836162,-0.403151501503241,-0.2736197818344149,-0.3990303862709706,-0.377870997315372,0.8186790139975583,0.7644035631025426,0.3730193652199702
-0.1268756630662083,-0.6346191831602028,-0.1079744061806473,0.0389137952546149,-0.2540108274989627,0.1114284760356109,-0.3979279798890509,-0.2959555254418967,-0.403151501503241,-0.1708050759329983,-0.3990303862709706,-0.2264760948475366,-0.500390805878686,-0.1167563926696988,1.5419565698568314
-0.1268756630662083,-0.6346191831602028,-0.1079744061806473,-0.4122099187266956,-0.2540108274989627,0.4409042838366506,-0.3979279798890509,-0.2959555254418967,-0.403151501503241,-0.1708050759329983,-0.3990303862709706,-0.3967953601238514,0.8919606706573496,-0.7776263594988799,1.5419565698568314
-0.1268756630662083,1.5832650545270417,-0.1079744061806473,-0.1866480617360403,-0.2540108274989627,-0.2180473317654288,-0.3979279798890509,-0.2469679899204742,-0.403151501503241,-0.1708050759329983,-0.3990303862709706,-0.245400457656016,-0.7751970183529036,-0.5573363705558195,-1.1855635742958448
-0.3790822368073968,-0.6346191831602028,-0.1079744061806473,-0.4122099187266956,-0.3689327777197201,-0.2180473317654288,1.3080249702173574,-0.3939305964847415,-0.403151501503241,-0.1708050759329983,-0.3990303862709706,-0.3210979088899337,-0.9400807458374342,0.3238235852164219,-1.5752093091747987
1.134157205639734,0.4743229356834195,0.2469642793715745,0.7155993662265808,0.8952086747086112,1.4293317072397698,-0.3979279798890509,-0.2959555254418967,1.1216639844912564,0.3432684535740842,3.8519162128152624,0.908985673661229,-1.3064890291363909,-0.9979163484419404,-1.1855635742958448
-0.3790822368073968,0.4743229356834195,-0.1079744061806473,-0.1866480617360403,-0.4838547279404775,-0.2180473317654288,-0.3979279798890509,-0.3939305964847415,-0.403151501503241,-0.2736197818344149,-0.3990303862709706,-0.377870997315372,1.2217281256264108,0.5441135741594822,-0.7959178394168911
2.8996032218280536,1.5832650545270417,0.2469642793715745,2.7456560791424782,3.193647679123759,-0.2180473317654288,-0.3979279798890509,-0.0510178478347847,4.171294956480252,0.5488978653769172,-0.0830198856787471,1.6281114603834472,-0.0057396234250943,0.3238235852164219,1.1523108349778777
-0.3790822368073968,-0.6346191831602028,-0.1079744061806473,-0.637771775717351,-0.4838547279404775,-0.2180473317654288,-0.3979279798890509,-0.3939305964847415,-0.403151501503241,-0.2736197818344149,-0.3990303862709706,-0.3967953601238514,0.8003585998326105,0.3238235852164219,-0.4062721045379374
-0.2529789499368025,-0.6346191831602028,-0.1079744061806473,0.4900375092359255,0.0907550231633094,0.1114284760356109,-0.3979279798890509,-0.344943060963319,-0.403151501503241,-0.1708050759329983,-0.3990303862709706,-0.2075517320390572,-0.3355070783941555,0.1035335962733615,-1.1855635742958448
-0.3790822368073968,-0.6346191831602028,-0.1079744061806473,-0.1866480617360403,-0.2540108274989627,-0.2180473317654288,-0.3979279798890509,-0.3939305964847415,-0.403151501503241,-0.1708050759329983,-0.3990303862709706,-0.3589466345068926,-0.6835949475281644,-0.3370463816127592,-1.1855635742958448
-0.000772376195614,1.5832650545270417,-0.1079744061806473,0.7155993662265808,1.0101306249293684,0.1114284760356109,-0.3979279798890509,2.0554461795863785,-0.403151501503241,-0.1708050759329983,0.1571487204727597,0.5304984174916404,1.1850872972965152,-0.1167563926696988,-0.7959178394168911
-0.505185523677991,-0.6346191831602028,-0.1079744061806473,-0.8633336327080062,-0.5987766781612349,-0.5475231395664685,-0.3979279798890509,-0.4429181320061638,-0.403151501503241,-0.1708050759329983,-0.3990303862709706,-0.4535684485492897,1.1118056406367238,-0.5573363705558195,-0.0166263696589836
1.2602604925103282,-0.6346191831602028,-0.1079744061806473,2.0689705081705125,2.848881828461487,-0.2180473317654288,-0.3979279798890509,0.0959447587294824,1.1216639844912564,5.586818454546326,3.328554519685157,2.233691070254789,0.3423482457089145,-0.1167563926696988,-1.1855635742958448
-0.2529789499368025,-0.6346191831602028,-0.1079744061806473,0.2644756522452702,-0.2540108274989627,0.1114284760356109,-0.3979279798890509,-0.344943060963319,-0.403151501503241,-0.1708050759329983,-0.3990303862709706,-0.2643248204644954,0.855319842327454,0.5441135741594822,1.1523108349778777
-0.2529789499368025,-0.6346191831602028,-0.1079744061806473,0.4900375092359255,-0.2540108274989627,0.1114284760356109,-0.3979279798890509,-0.344943060963319,-0.403151501503241,-0.1708050759329983,-0.3990303862709706,-0.245400457656016,-0.2072641792395206,0.3238235852164219,0.3730193652199702
-0.2529789499368025,-0.6346191831602028,-0.1079744061806473,0.2644756522452702,-0.2540108274989627,-0.2180473317654288,1.3080249702173574,-0.344943060963319,-0.403151501503241,-0.1708050759329983,-0.3990303862709706,-0.2075517320390572,0.8369994281625062,0.1035335962733615,0.762665100098924
-0.3790822368073968,-0.6346191831602028,-0.1079744061806473,-0.8633336327080062,-0.4838547279404775,-0.2180473317654288,-0.3979279798890509,-0.3939305964847415,-0.403151501503241,-0.2736197818344149,-0.3990303862709706,-0.3967953601238514,-1.2148869583116515,0.1035335962733615,-1.1855635742958448
-0.1268756630662083,-0.6346191831602028,-0.1079744061806473,-0.4122099187266956,0.0907550231633094,0.1114284760356109,1.3080249702173574,-0.2959555254418967,-0.403151501503241,-0.1708050759329983,-0.3990303862709706,-0.0750811923797012,2.650720430492342,6.051363297735991,1.5419565698568314
1.0080539187691395,-0.6346191831602028,1.6667190215804617,1.617846794189202,1.8145842764746705,0.7703800916376904,-0.3979279798890509,0.0959447587294824,1.1216639844912564,1.9883037479967485,3.850139220791339,2.025523079361515,1.1484464689666194,-0.3370463816127592,1.5419565698568314
0.1253309106749801,-0.6346191831602028,-0.1079744061806473,1.1667230802078914,0.7802867244878539,1.09985589943873,-0.3979279798890509,-0.1979804543990519,-0.403151501503241,-0.1708050759329983,1.1026530142266762,0.6440445943425169,-1.0133624024972254,0.5441135741594822,-0.4062721045379374
-0.3790822368073968,3.801149292214286,-0.1079744061806473,-0.4122099187266956,-0.3689327777197201,-0.5475231395664685,-0.3979279798890509,0.0959447587294824,-0.403151501503241,0.2404537476726676,4.606580948721186,-0.3400222716984132,-1.159925715816808,-0.1167563926696988,1.1523108349778777
-0.3790822368073968,0.4743229356834195,-0.1079744061806473,-0.1866480617360403,-0.3689327777197201,-0.2180473317654288,-0.3979279798890509,-0.2469679899204742,-0.403151501503241,-0.2736197818344149,-0.3990303862709706,-0.377870997315372,-0.5370316342085817,0.1035335962733615,-1.5752093091747987
-0.000772376195614,1.5832650545270417,-0.1079744061806473,0.4900375092359255,0.0907550231633094,0.7703800916376904,-0.3979279798890509,-0.2959555254418967,-0.403151501503241,-0.2736197818344149,-0.3990303862709706,-0.0372324667627423,1.1667668831315672,-0.9979163484419404,0.762665100098924
-0.3790822368073968,-0.6346191831602028,-0.1079744061806473,0.2644756522452702,0.0907550231633094,-0.2180473317654288,-0.3979279798890509,-0.3939305964847415,-0.403151501503241,-0.1708050759329983,-0.3990303862709706,-0.2264760948475366,0.5805136298532364,-0.7776263594988799,-0.4062721045379374
-0.2529789499368025,-0.6346191831602028,-0.1079744061806473,0.0389137952546149,-0.2540108274989627,0.1114284760356109,-0.3979279798890509,-0.344943060963319,-0.403151501503241,-0.1708050759329983,-0.3990303862709706,-0.3400222716984132,1.295009782286202,-0.7776263594988799,-1.5752093091747987
-0.3790822368073968,1.5832650545270417,-0.1079744061806473,-0.637771775717351,-0.4838547279404775,-0.2180473317654288,-0.3979279798890509,1.9084835730221112,-0.403151501503241,-0.2736197818344149,-0.3990303862709706,-0.4535684485492897,1.295009782286202,0.7644035631025426,-1.1855635742958448
-0.505185523677991,-0.6346191831602028,-0.1079744061806473,-0.8633336327080062,-0.5987766781612349,-0.5475231395664685,-0.3979279798890509,-0.4429181320061638,-0.403151501503241,-0.1708050759329983,-0.3990303862709706,-0.4535684485492897,0.9469219131521932,-0.5573363705558195,-1.1855635742958448
-0.3790822368073968,-0.6346191831602028,-0.1079744061806473,-0.637771775717351,-0.4838547279404775,-0.2180473317654288,-0.3979279798890509,-0.3939305964847415,-0.403151501503241,-0.1708050759329983,-0.3990303862709706,-0.3967953601238514,0.63547487234808,0.5441135741594822,1.5419565698568314
-0.000772376195614,-0.6346191831602028,-0.1079744061806473,1.617846794189202,1.0101306249293684,0.7703800916376904,-0.3979279798890509,-0.2469679899204742,-0.403151501503241,-0.1708050759329983,-0.3990303862709706,0.0573893472796547,-0.9217603316724864,-0.1167563926696988,-0.4062721045379374
-0.2529789499368025,-0.6346191831602028,-0.1079744061806473,0.0389137952546149,-0.3689327777197201,0.1114284760356109,1.3080249702173574,-0.344943060963319,-0.403151501503241,-0.1708050759329983,-0.3990303862709706,-0.2264760948475366,-0.7935174325178515,-0.5573363705558195,-1.5752093091747987
-0.3790822368073968,-0.6346191831602028,-0.1079744061806473,-0.637771775717351,-0.4838547279404775,-0.2180473317654288,-0.3979279798890509,-0.3939305964847415,-0.403151501503241,-0.1708050759329983,-0.3990303862709706,-0.4346440857408103,-0.7751970183529036,0.7644035631025426,-1.5752093091747987
-0.3790822368073968,1.5832650545270417,-0.1079744061806473,-0.637771775717351,-0.4838547279404775,-0.2180473317654288,-0.3979279798890509,3.72102238731474,-0.403151501503241,-0.1708050759329983,-0.3990303862709706,-0.3967953601238514,0.1225032757295404,0.5441135741594822,0.3730193652199702
-0.3790822368073968,2.6922071733706643,-0.1079744061806473,-0.637771775717351,-0.4838547279404775,-0.2180473317654288,-0.3979279798890509,3.770009922836162,-0.403151501503241,-0.2736197818344149,-0.3990303862709706,-0.377870997315372,-0.9950419883322776,-0.9979163484419404,1.1523108349778777
-0.3790822368073968,-0.6346191831602028,-0.1079744061806473,-0.4122099187266956,-0.3689327777197201,-0.2180473317654288,-0.3979279798890509,-0.3939305964847415,-0.403151501503241,-0.0679903700315818,-0.3990303862709706,-0.377870997315372,-0.3721479067240512,0.1035335962733615,-0.0166263696589836
-0.3790822368073968,0.4743229356834195,-0.1079744061806473,-0.4122099187266956,-0.3689327777197201,-0.2180473317654288,-0.3979279798890509,-0.3939305964847415,-0.403151501503241,-0.2736197818344149,-0.3990303862709706,-0.377870997315372,1.001883155647037,0.3238235852164219,1.5419565698568314
-0.2529789499368025,1.5832650545270417,-0.1079744061806473,-0.637771775717351,-0.3689327777197201,0.1114284760356109,-0.3979279798890509,3.818997458357584,-0.403151501503241,-0.1708050759329983,1.4780738643510878,-0.3210979088899337,0.6904361148429234,-0.7776263594988799,0.762665100098924
-0.3790822368073968,0.4743229356834195,-0.1079744061806473,-0.1866480617360403,-0.4838547279404775,-0.2180473317654288,-0.3979279798890509,-0.2959555254418967,-0.403151501503241,-0.1708050759329983,-0.3990303862709706,-0.3589466345068926,1.0202035698119845,0.5441135741594822,-0.0166263696589836
0.2514341975455744,-0.6346191831602028,-0.1079744061806473,-0.637771775717351,0.0907550231633094,1.4293317072397698,-0.3979279798890509,-0.4429181320061638,-0.403151501503241,-0.1708050759329983,-0.3990303862709706,-0.0750811923797012,-0.3355070783941555,0.7644035631025426,1.1523108349778777
0.3775374844161686,-0.6346191831602028,-0.1079744061806473,-0.637771775717351,0.3205989236048242,-0.2180473317654288,-0.3979279798890509,-0.1000053833562071,-0.403151501503241,5.072744925039244,3.0870212587434485,0.8332882224273113,-0.4271091492188946,-0.5573363705558195,-1.5752093091747987
-0.1268756630662083,1.5832650545270417,-0.1079744061806473,-0.1866480617360403,-0.2540108274989627,-0.2180473317654288,-0.3979279798890509,-0.2469679899204742,-0.403151501503241,-0.1708050759329983,-0.3990303862709706,-0.245400457656016,-0.97672157416733,0.7644035631025426,0.762665100098924
-0.2529789499368025,-0.6346191831602028,-0.1079744061806473,0.4900375092359255,0.3205989236048242,-0.2180473317654288,-0.3979279798890509,-0.344943060963319,-0.403151501503241,-0.0679903700315818,1.1652231559140782,-0.2264760948475366,4.079712735358274,4.0687533972484475,-0.0166263696589836
-0.3790822368073968,0.4743229356834195,-0.1079744061806473,-0.4122099187266956,-0.3689327777197201,-0.2180473317654288,-0.3979279798890509,-0.3939305964847415,-0.403151501503241,-0.1708050759329983,-0.3990303862709706,-0.377870997315372,0.1225032757295404,-0.5573363705558195,-1.5752093091747987
-0.505185523677991,-0.6346191831602028,-0.1079744061806473,-0.4122099187266956,-0.5987766781612349,-0.5475231395664685,-0.3979279798890509,-0.4429181320061638,-0.403151501503241,-0.1708050759329983,-0.3990303862709706,-0.4157197229323309,-0.4087887350539468,0.5441135741594822,-0.7959178394168911
-0.3790822368073968,-0.6346191831602028,-0.1079744061806473,-0.4122099187266956,-0.0241669270574479,-0.2180473317654288,1.3080249702173574,-0.3939305964847415,-0.403151501503241,-0.1708050759329983,-0.3990303862709706,-0.2264760948475366,-1.178246129981756,0.3238235852164219,0.762665100098924
-0.2529789499368025,1.5832650545270417,-0.1079744061806473,-0.4122099187266956,-0.2540108274989627,0.1114284760356109,-0.3979279798890509,3.818997458357584,-0.403151501503241,-0.2736197818344149,-0.3990303862709706,-0.3021735460814543,-0.1889437650745727,-0.7776263594988799,0.3730193652199702
-0.3790822368073968,-0.6346191831602028,-0.1079744061806473,14.474872642656551,-0.3689327777197201,-0.2180473317654288,-0.3979279798890509,-0.3939305964847415,-0.403151501503241,-0.1708050759329983,-0.2299220643324294,0.8711369480442701,2.192710076368646,8.033973198223535,-0.0166263696589836
-0.3790822368073968,-0.6346191831602028,-0.1079744061806473,0.0389137952546149,-0.3689327777197201,-0.2180473317654288,1.3080249702173574,-0.3939305964847415,-0.403151501503241,-0.1708050759329983,-0.3990303862709706,-0.3021735460814543,-1.159925715816808,0.3238235852164219,-0.4062721045379374
-0.000772376195614,-0.6346191831602028,-0.1079744061806473,-0.8633336327080062,-0.1390888772782053,-0.5475231395664685,-0.3979279798890509,-0.2469679899204742,-0.403151501503241,-0.1708050759329983,1.0230199949011198,-0.0940055551881806,0.0675420332346969,-0.5573363705558195,-0.4062721045379374
-0.000772376195614,1.5832650545270417,-0.1079744061806473,-0.4122099187266956,-0.1390888772782053,-0.2180473317654288,-0.3979279798890509,-0.0020303123133623,-0.403151501503241,0.0348243358698346,-0.3990303862709706,-0.0561568295712217,0.7820381856676627,0.1035335962733615,1.5419565698568314
-0.3790822368073968,-0.6346191831602028,-0.1079744061806473,-0.1866480617360403,-0.4838547279404775,-0.2180473317654288,1.3080249702173574,-0.4429181320061638,-0.403151501503241,-0.1708050759329983,-0.3990303862709706,-0.3021735460814543,-1.2698482008064953,-0.1167563926696988,-1.5752093091747987
-0.3790822368073968,-0.6346191831602028,-0.1079744061806473,-0.637771775717351,-0.4838547279404775,-0.2180473317654288,-0.3979279798890509,-0.4429181320061638,-0.403151501503241,-0.1708050759329983,-0.3990303862709706,-0.377870997315372,-1.3797706857961822,0.7644035631025426,0.762665100098924
-0.000772376195614,-0.6346191831602028,-0.1079744061806473,-0.4122099187266956,-0.1390888772782053,0.4409042838366506,-0.3979279798890509,-0.2469679899204742,-0.403151501503241,1.5770449243910825,3.058795867828261,0.1330867985135724,-0.9950419883322776,-0.5573363705558195,0.762665100098924
1.638570353122111,0.4743229356834195,-0.1079744061806473,0.2644756522452702,1.6996623262539128,-0.2180473317654288,-0.3979279798890509,0.291894900815172,1.1216639844912564,0.0348243358698346,0.1849573942443085,1.2117754785968995,0.1957849323893318,-0.1167563926696988,0.3730193652199702
-0.2529789499368025,-0.6346191831602028,-0.1079744061806473,1.1667230802078914,0.8952086747086112,0.1114284760356109,1.3080249702173574,-0.344943060963319,-0.403151501503241,-0.1708050759329983,-0.3990303862709706,0.2277086125559696,1.295009782286202,-0.1167563926696988,-0.7959178394168911
-0.3790822368073968,-0.6346191831602028,-0.1079744061806473,-0.1866480617360403,-0.4838547279404775,-0.2180473317654288,-0.3979279798890509,-0.3939305964847415,-0.403151501503241,-0.1708050759329983,-0.3990303862709706,-0.3589466345068926,-0.1339825225797292,-0.1167563926696988,-0.0166263696589836
7.061011688557663,0.4743229356834195,0.6019029649237964,0.2644756522452702,2.848881828461487,1.7588075150408096,1.3080249702173574,0.4388575073794392,4.171294956480252,0.2404537476726676,0.7240223158337008,5.204816031186058,3.34689616876036,1.865853507817844,-1.1855635742958448
-0.505185523677991,-0.6346191831602028,-0.1079744061806473,1.1667230802078914,-0.5987766781612349,-0.5475231395664685,-0.3979279798890509,-0.4429181320061638,-0.403151501503241,-0.1708050759329983,-0.3990303862709706,-0.377870997315372,-0.280545835899312,-0.3370463816127592,0.3730193652199702
-0.000772376195614,-0.6346191831602028,-0.1079744061806473,0.0389137952546149,-0.0241669270574479,0.7703800916376904,-0.3979279798890509,-0.2469679899204742,-0.403151501503241,-0.1708050759329983,-0.3990303862709706,-0.11292991799666,0.4705911448635494,0.5441135741594822,-0.7959178394168911
-0.1268756630662083,1.5832650545270417,0.6019029649237964,-0.637771775717351,-0.2540108274989627,0.4409042838366506,-0.3979279798890509,3.867984993879007,-0.403151501503241,0.0348243358698346,1.3074263169270366,-0.3021735460814543,-0.4454295633838425,0.5441135741594822,1.1523108349778777
-0.1268756630662083,-0.6346191831602028,-0.1079744061806473,0.7155993662265808,0.4355208738255816,-0.2180473317654288,-0.3979279798890509,-0.2959555254418967,-0.403151501503241,-0.1708050759329983,-0.3990303862709706,0.0573893472796547,-0.1889437650745727,-0.7776263594988799,1.1523108349778777
-0.3790822368073968,-0.6346191831602028,-0.1079744061806473,0.0389137952546149,-0.3689327777197201,-0.2180473317654288,1.3080249702173574,-0.3939305964847415,-0.403151501503241,-0.1708050759329983,-0.3990303862709706,-0.3021735460814543,-0.9950419883322776,0.1035335962733615,-1.1855635742958448
-0.2529789499368025,-0.6346191831602028,-0.1079744061806473,0.0389137952546149,-0.2540108274989627,0.1114284760356109,1.3080249702173574,-0.344943060963319,-0.403151501503241,-0.1708050759329983,-0.3990303862709706,-0.1886273692305777,0.7087565290078713,-0.3370463816127592,1.5419565698568314
-0.3790822368073968,-0.6346191831602028,-0.1079744061806473,-0.637771775717351,-0.4838547279404775,-0.2180473317654288,-0.3979279798890509,-0.3939305964847415,-0.403151501503241,-0.1708050759329983,-0.3990303862709706,-0.377870997315372,-1.3431298574662869,-0.7776263594988799,1.5419565698568314
-0.3790822368073968,-0.6346191831602028,-0.1079744061806473,-0.4122099187266956,-0.2540108274989627,-0.2180473317654288,1.3080249702173574,-0.3939305964847415,-0.403151501503241,-0.1708050759329983,-0.3990303862709706,-0.3021735460814543,5.252219241914935,8.915133153995777,-0.7959178394168911
-0.3790822368073968,0.4743229356834195,0.2469642793715745,-0.4122099187266956,-0.4838547279404775,-0.2180473317654288,-0.3979279798890509,-0.0510178478347847,-0.403151501503241,-0.0679903700315818,-0.3990303862709706,-0.377870997315372,-0.2072641792395206,-0.7776263594988799,-0.4062721045379374
-0.2529789499368025,-0.6346191831602028,-0.1079744061806473,-0.4122099187266956,-0.2540108274989627,-0.2180473317654288,-0.3979279798890509,-0.3939305964847415,1.1216639844912564,-0.0679903700315818,1.2855517953931208,0.1520111613220519,-0.7202357758580601,-0.9979163484419404,-0.4062721045379374
1.0080539187691395,-0.6346191831602028,-0.1079744061806473,1.8434086511798573,1.9295062266954277,1.4293317072397698,-0.3979279798890509,0.04695722320806,1.1216639844912564,0.3432684535740842,-0.3990303862709706,1.2306998414053791,0.1408236898944883,-0.7776263594988799,1.1523108349778777
-0.3790822368073968,1.5832650545270417,-0.1079744061806473,-0.637771775717351,-0.4838547279404775,-0.2180473317654288,-0.3979279798890509,-0.3939305964847415,-0.403151501503241,-0.2736197818344149,-0.3990303862709706,-0.3400222716984132,0.1225032757295404,-0.5573363705558195,0.3730193652199702
-0.3790822368073968,-0.6346191831602028,-0.1079744061806473,-0.4122099187266956,-0.2540108274989627,-0.2180473317654288,1.3080249702173574,-0.3939305964847415,-0.403151501503241,-0.1708050759329983,-0.3990303862709706,-0.3021735460814543,-1.2148869583116515,-0.3370463816127592,-0.7959178394168911
-0.3790822368073968,0.4743229356834195,-0.1079744061806473,-0.1866480617360403,-0.4838547279404775,-0.2180473317654288,-0.3979279798890509,-0.3939305964847415,-0.403151501503241,-0.0679903700315818,-0.3990303862709706,-0.3400222716984132,1.075164812306828,-0.1167563926696988,0.3730193652199702
-0.1268756630662083,-0.6346191831602028,-0.1079744061806473,0.0389137952546149,-0.2540108274989627,0.1114284760356109,-0.3979279798890509,-0.2959555254418967,-0.403151501503241,-0.1708050759329983,-0.3990303862709706,-0.0750811923797012,-1.0133624024972254,-0.5573363705558195,1.1523108349778777
-0.2529789499368025,-0.6346191831602028,-0.1079744061806473,0.941161223217236,-0.3689327777197201,0.1114284760356109,-0.3979279798890509,-0.344943060963319,-0.403151501503241,-0.1708050759329983,-0.3990303862709706,-0.377870997315372,0.5988340440181843,-0.3370463816127592,-0.7959178394168911
-0.505185523677991,0.4743229356834195,-0.1079744061806473,-0.637771775717351,-0.5987766781612349,-0.5475231395664685,-0.3979279798890509,-0.3939305964847415,-0.403151501503241,-0.1708050759329983,-0.3990303862709706,-0.4724928113577691,-0.3171866642292076,-0.5573363705558195,1.5419565698568314
0.1253309106749801,-0.6346191831602028,-0.1079744061806473,1.1667230802078914,0.3205989236048242,-0.2180473317654288,-0.3979279798890509,-0.1979804543990519,-0.403151501503241,0.0348243358698346,-0.3990303862709706,0.379103515023805,-1.196566544146704,-0.3370463816127592,0.3730193652199702
-0.000772376195614,-0.6346191831602028,-0.1079744061806473,1.8434086511798573,1.2399745253708834,0.7703800916376904,-0.3979279798890509,-0.2469679899204742,-0.403151501503241,-0.1708050759329983,-0.3990303862709706,0.0384649844711753,-0.2988662500642598,0.1035335962733615,-0.4062721045379374
0.5036407712867629,-0.6346191831602028,3.7963511348937926,-0.1866480617360403,0.0907550231633094,0.4409042838366506,1.3080249702173574,-0.1979804543990519,1.1216639844912564,2.1939331597995815,3.268875118543713,0.5494227803001198,0.0309012049048012,0.5441135741594822,-1.5752093091747987
-0.3790822368073968,0.4743229356834195,-0.1079744061806473,-0.637771775717351,-0.3689327777197201,-0.2180473317654288,-0.3979279798890509,-0.3939305964847415,-0.403151501503241,-0.2736197818344149,-0.3990303862709706,-0.3400222716984132,-0.3721479067240512,0.7644035631025426,-1.5752093091747987
-0.1268756630662083,0.4743229356834195,-0.1079744061806473,0.2644756522452702,0.0907550231633094,-0.5475231395664685,-0.3979279798890509,0.1449322942509048,1.1216639844912564,-0.1708050759329983,1.542802675926705,0.0384649844711753,1.0568443981418802,0.5441135741594822,1.5419565698568314
-0.3790822368073968,-0.6346191831602028,-0.1079744061806473,-0.637771775717351,-0.4838547279404775,-0.2180473317654288,-0.3979279798890509,-0.3939305964847415,-0.403151501503241,-0.2736197818344149,-0.3990303862709706,-0.3967953601238514,1.203407711461463,0.7644035631025426,0.3730193652199702
0.2514341975455744,0.4743229356834195,-0.1079744061806473,0.0389137952546149,-0.0241669270574479,-0.2180473317654288,-0.3979279798890509,-0.1489929188776295,2.6464794704857537,-0.1708050759329983,-0.3990303862709706,0.1709355241305313,0.1041828615645926,-0.3370463816127592,-0.0166263696589836
-0.3790822368073968,1.5832650545270417,-0.1079744061806473,0.0389137952546149,0.0907550231633094,-0.2180473317654288,-0.3979279798890509,1.9084835730221112,-0.403151501503241,-0.0679903700315818,0.7741597703678159,-0.1697030064220983,1.1667668831315672,-0.1167563926696988,0.3730193652199702
-0.3790822368073968,-0.6346191831602028,-0.1079744061806473,0.0389137952546149,-0.2540108274989627,-0.2180473317654288,1.3080249702173574,-0.3939305964847415,-0.403151501503241,-0.1708050759329983,-0.3990303862709706,-0.3021735460814543,-0.9950419883322776,0.1035335962733615,-0.0166263696589836
